[
    {
        "name": "tonoto",
        "email": "",
        "score": 21
    },
    {
        "name": "Lionel",
        "email": "rosiotamses@gmail.com",
        "score": 19
    },
    {
        "name": "sdsd",
        "email": "",
        "score": 12
    },
    {
        "name": "marolio",
        "email": "marolio@gmail.com",
        "score": 7
    },
    {
        "name": "sapo3hdp",
        "email": "usuario@correo.com",
        "score": 6
    },
    {
        "name": "sdsds",
        "email": "usuario@correo.com",
        "score": 2
    },
    {
        "name": "dsds",
        "email": "usuario@correo.com",
        "score": 1
    },
    {
        "name": "surito",
        "email": "surito@gmail.com",
        "score": 0
    },
    {
        "name": "ss",
        "email": "usuario@correo.com",
        "score": 0
    }
]