[
  {
    "name": "m",
    "score": 1690
  },
  {
    "name": "lis",
    "score": 620
  },
  {
    "name": "sss1",
    "score": 200
  },
  {
    "name": "s1",
    "score": 190
  },
  {
    "name": "ssbv",
    "score": 140
  },
  {
    "name": "sdsd",
    "score": 0
  },
  {
    "name": "ss",
    "score": 0
  },
  {
    "name": "asies",
    "score": 0
  },
  {
    "name": "sus",
    "score": 0
  },
  {
    "name": "simon",
    "score": 0
  },
  {
    "name": "sdsd",
    "score": 0
  },
  {
    "name": "sdsd",
    "score": 0
  },
  {
    "name": "sdsd",
    "score": 0
  },
  {
    "name": "bobo",
    "score": 0
  },
  {
    "name": "lachdetumadr",
    "score": 0
  },
  {
    "name": "sdsd",
    "score": 0
  },
  {
    "name": "sdsd",
    "score": 0
  },
  {
    "name": "sdsds",
    "score": 0
  },
  {
    "name": "sdsd",
    "score": 0
  },
  {
    "name": "dsdsd",
    "score": 0
  },
  {
    "name": "sdsdsd",
    "score": 0
  },
  {
    "name": "sdsdsq1",
    "score": 0
  },
  {
    "name": "sdsdsd",
    "score": 0
  },
  {
    "name": "dsdsd",
    "score": 0
  },
  {
    "name": "sdsdsd",
    "score": 0
  },
  {
    "name": "sdsd",
    "score": 0
  },
  {
    "name": "sdsd",
    "score": 0
  },
  {
    "name": "sdsd",
    "score": 0
  },
  {
    "name": "ssss",
    "score": 0
  }
]